Workbook

Sheet Léeme
B2: TRAZO·XI — Plantilla de codificación (Fase 0)
B3: Cobreloa 1 – 2 Coquimbo Unido · Copa Chile 2026, Octavos (IDA) · 22-09-2026 · Estadio Zorros del Desierto, Calama
B5: Qué es esto
B6: Plantilla lista para que codifiques este partido COMPLETO desde el video de Wyscout. A diferencia del compacto, aquí sí puedes codificar tu capa táctica: pérdidas, presión, reacción ≤5s y apoyos. Empieza por los primeros 15' (ver hoja 'Guía'). Codifica tú; yo calculo e interpreto.
B8: Cómo usarlo
B9: 1 | C9: Lee 'Diccionario': 13 etiquetas con criterio de inicio y cierre. Es tu norma de codificación.
B10: 2 | C10: Una acción = UNA fila (no codifiques un gol como remate + ocasión + gol). El resultado va en su columna, no en la etiqueta.
B11: 3 | C11: Marca SIEMPRE el 'Marcador' (estado del equipo que analizas) y, en las pérdidas, la 'Reacción ≤5s' — ahí se mide tu tesis.
B12: 4 | C12: Cuando termines, lee 'Resumen' y completa 'Problemas' con los 3–5 hallazgos ordenados por impacto.
B14: Marcador de este partido (para completar la columna 'Marcador')
A15: Minuto | B15: Minuto | C15: Marcador (Cob–Coq) | D15: Estado Cobreloa | E15: Estado Coquimbo | F15: Evento
B16: 1–63 | C16: 0–0 | D16: Empatando | E16: Empatando | F16: —
B17: 64 | C17: 0–1 | D17: Perdiendo | E17: Ganando | F17: Gol Cabrera (asist. Vadalá)
B18: 70 | C18: 1–1 | D18: Empatando | E18: Empatando | F18: Gol Orellana (asist. J. Méndez)
B19: 87 | C19: 1–2 | D19: Perdiendo | E19: Ganando | F19: Gol del triunfo — autor en conflicto (Gaete a.g. / Y. Blanco)
B21: Qué mirar en este partido
B22: Coquimbo (líder de su grupo) ganó de visita en Calama con el golazo de Cabrera —lateral izquierdo que define de primera— y un gol del triunfo sobre el final. Codifica pensando en la VUELTA del 07-10 en Coquimbo: ¿cómo generó Coquimbo?, ¿cómo le empató Cobreloa (70')?, ¿qué patrón defensivo conviene repetir o corregir? Ese es el valor directo de esta codificación.
B24: Nota honesta sobre los datos
B25: El contexto y las alineaciones vienen de CFDB, pero con huecos: las alineaciones están incompletas (Cobreloa con 9 titulares, Coquimbo con 10) y el gol del 87' NO está en el feed de eventos; además dos fuentes de prensa discrepan sobre su autor (autogol de B. Gaete / el juvenil Y. Blanco). Todo eso lo confirmas y completas tú desde el video de Wyscout — es justo la ventaja de tenerlo.
B27: Leyenda de colores
C28: Celdas que completas tú
C29: Filas de ejemplo (reales del partido) — reemplázalas o sigue debajo
B31: Fuente de datos: CFDB (Chilean Football DATABASE), fixture 56114 — alineaciones (parciales), eventos y notas de prensa (partidos-de-hoy.cl, cooperativa.cl). Video: Wyscout (en poder del usuario).

Sheet Guía
B2: Guía — tu primera pasada de codificación (15 minutos)
B3: Tienes el partido completo de Wyscout. No lo codifiques entero de golpe: haz una primera pasada de los primeros 15' para calibrar el método y ver tu instrumento de tesis encenderse.
B5: Pasos
B6: 1. Abre el video y esta plantilla lado a lado (pantalla dividida).
B7: 2. Codifica SOLO del minuto 1 al 15. Por cada acción relevante, una fila en 'Registro'.
B8: 3. Prioriza lo que el compacto no te daba: Pérdidas, Recuperaciones (altura), Presión y Finalizaciones/Ocasiones. La progresión fina déjala para una 2.ª pasada.
B9: 4. Marca SIEMPRE Marcador (Coquimbo) y Zona. En cada Pérdida completa la Reacción ≤5s y los Apoyos — ese es tu instrumento.
B10: 5. Ante la duda, abre 'Reglas' (presión vs marca; rompe línea; reacción ordenada). No 'sientas' la jugada: sigue el árbol.
B11: 6. Pausa y retrocede sin culpa: ver el juego SIN balón es justo lo que no podías con el compacto.
B12: 7. Al terminar los 15', mira 'Resumen': ¿cuántas pérdidas?, ¿tasa de recuperación ≤5s?, ¿se puebla el cruce por marcador?
B14: Tiempo realista: 45–60 min para codificar 15' la primera vez. Es normal; baja mucho con la práctica.
B16: Y después: cuando tengas los 15' (o el partido completo), envíame el Excel. Yo calculo el Point-Biserial (Apoyos vs Recuperada ≤5s), los resúmenes por marcador y la lectura táctica para la vuelta del 07-10.

Sheet Diccionario
A1: Grupo | B1: Etiqueta | C1: Definición operacional | D1: Inicio | E1: Cierre | F1: Variables asociadas | G1: Subj. | H1: Lectura táctica
A2: Org. ofensiva | B2: Inicio / Salida | C2: Construcción con posesión desde el 1.er tercio propio | D2: 1.er contacto en zona propia | E2: Supera el 1.er tercio o pérdida | F2: Jugador · bajo presión (sí/no) · nº pases | G2: M | H2: ¿Supera la 1.ª línea de presión? Riesgo en construcción
A3: Org. ofensiva | B3: Progresión | C3: Pase/conducción en 2.º–3.er tercio que deja atrás ≥1 rival de una línea (rompe línea=Sí) o gana un tercio conduciendo (No) | D3: Contacto que inicia el avance | E3: Recepción tras la línea / fin de conducción / pérdida | F3: Rompe línea (col) · carril · VER hoja Reglas | G3: M | H3: Precedencia: Finalización > Último pase > Progresión > Inicio
A4: Org. ofensiva | B4: Último pase / Centro | C4: Balón al área o pase que genera remate | D4: Golpeo/pase final | E4: Remate, despeje o corte | F4: Lado · zona objetivo · tipo | G4: B | H4: Vía de generación; conexión creación–finalización
A5: Org. ofensiva | B5: Finalización | C5: Remate a puerta (o intento claro de gol) | D5: Contacto de remate | E5: Según Resultado (col) | F5: Zona · pie/cabeza | G5: M | H5: Volumen Y calidad. gol/ocasión/parada/fuera van en Resultado, no en etiquetas aparte
A6: Trans. ofensiva | B6: Recuperación | C6: Recobro de la posesión | D6: Robo / corte / despeje ganado | E6: Posesión asegurada | F6: Altura (alta/media/baja) · tipo | G6: M | H6: DÓNDE recupera el bloque (sesgo del equipo)
A7: Trans. ofensiva | B7: Ataque en transición | C7: Ataque directo tras recuperar, con el rival sin organizar (≤~10 s / ≤~4 pases) | D7: Recuperación seguida de avance SIN pase de reset | E7: Remate / pérdida / pase de reset / rival ya organizado | F7: Termina en remate (sí/no) · VER hoja Reglas | G7: M | H7: El pase de reset cierra la transición → pasa a ataque posicional
A8: Org. defensiva | B8: Presión | C8: Cerrar activamente al poseedor/receptor (≤~2 m, con intención de disputar) para quitar tiempo/espacio | D8: El defensor rompe posición para cerrar al poseedor | E8: Pasa / pierde / falta / supera (≤4 s) | F8: Altura por zona · orientada · resultado · VER hoja Reglas | G8: M | H8: Eje de tu modelo. La contrapresión NO va aquí: va en Reacción de la Pérdida
A9: Org. defensiva | B9: Acción defensiva | C9: Intercepción, entrada, despeje o duelo defensivo | D9: Intervención sobre balón/rival | E9: Resultado de la acción | F9: Tipo · zona · ganado/perdido | G9: M | H9: Fiabilidad individual; absorbe el antiguo 'duelo'
A10: Org. defensiva | B10: Defensa del área | C10: Respuesta a centro o balón al área | D10: Balón amenaza el área | E10: Despeje, remate o gol | F10: 1.er contacto · marcaje | G10: M | H10: Solidez en remate; patrón de concesión
A11: Trans. defensiva | B11: Pérdida | C11: Pérdida de la posesión | D11: Instante de la pérdida | E11: Según la Reacción (reglas ordenadas) | F11: REACCIÓN ≤5s (col) · Apoyos al perder (col) · VER hoja Reglas | G11: M | H11: El corazón de tu tesis. Reacción = salida binaria; Apoyos = predictor continuo (Point-Biserial)
A12: ABP | B12: ABP ofensivo | C12: Córner, falta, lateral o penal a favor | D12: Ejecución | E12: Despeje / remate / fin | F12: Tipo · lado · envío · 1.er contacto | G12: M | H12: Eficacia a balón parado; segundas jugadas
... A14: Contexto | B14: Incidencia | C14: Tarjeta, cambio, lesión o penal señalado | D14: El hecho | E14: — | F14: Tipo · jugador · minuto | G14: B | H14: Marca el contexto; no es acción de juego
A16: Subj. = nivel de subjetividad al codificar (B baja / M media / A alta). Las dos de mayor subjetividad —Presión y Progresión— tienen reglas de decisión en la hoja 'Reglas', que las bajan de Alta a Media.

Sheet Reglas
B2: Reglas de decisión — las dos etiquetas de alta subjetividad
B3: Estas dos son las que más disienten entre analistas. Aquí quedan decididas: sigue el árbol, no 'sientas' la jugada. Con estas reglas bajan de subjetividad Alta a Media.
B5: REGLA DE PRECEDENCIA (ofensiva) — resuelve el solapamiento
B6: Cuando una acción encaja en varias etiquetas ofensivas, codifica la MÁS avanzada y solo esa: Finalización > Último pase/Centro > Progresión > Inicio/Salida. Una acción = una fila.
B8: PROGRESIÓN
B9: Qué es: pase o conducción que, en el 2.º o 3.er tercio, deja atrás a ≥1 rival de una línea defensiva (Rompe línea = Sí) o gana un tercio conduciendo en espacio (Rompe línea = No).
B10: Línea defensiva = ≥2 rivales alineados horizontalmente entre el balón y la portería rival, en forma defensiva.
B11: Árbol de decisión:
B12: 1. ¿El balón avanza neto hacia la portería rival? No → circulación, no es Progresión.
B13: 2. ¿Termina en remate, o es el pase/centro que genera el remate? Sí → Finalización o Último pase (no Progresión).
B14: 3. ¿Ocurre en tu 1.er tercio (Z1–6)? Sí → Inicio/Salida.
B15: 4. ¿Deja atrás a ≥1 rival de una línea? Sí → Progresión · Rompe línea = Sí.
... B79: Nota honesta: solo las finalizaciones se pueden ver en este compacto. Presión, transiciones y reacción tras pérdida NO (el compacto no muestra el juego sin balón ni las pérdidas). Esos casos fijan la regla; se codifican y validan con los 90' completos.

Sheet Contexto
A1: Ficha de contexto del partido
A3: Competición | B3: Copa Chile 2026 — Octavos de final (IDA)
A4: Fecha / sede | B4: 22-09-2026 · Estadio Zorros del Desierto, Calama
A5: Resultado | B5: Cobreloa 1 – 2 Coquimbo Unido
A6: Llave | B6: Vuelta: 07-10-2026 en Coquimbo — esta codificación prepara la revancha
A7: Goles | B7: 64' S. Cabrera (as. Vadalá) · 70' Orellana EN CONTRA (as. Méndez) · 87' Y. Blanco (as. Zavala) — el 1-2 tiene evidencia MEDIA (ver nota en Registro y hoja Problemas)
A8: Equipo que ANALIZO | B8: Coquimbo Unido
A10: Modelo de zonas (18 zonas, numeradas desde tu defensa)
A11: Z1–Z3 | B11: Defensa propia (banda izq · centro · banda der)
A12: Z4–Z6 | B12: Salida de balón / inicio
A13: Z7–Z9 | B13: Mediocampo defensivo
A14: Z10–Z12 | B14: Mediocampo ofensivo / creación
A15: Z13–Z15 | B15: Tres cuartos rival — Z14 = frontal del área (la zona del 10)
A16: Z16–Z18 | B16: Área de finalización y desborde (bandas y centro del ataque)
A17: Carriles: Banda izq · Half-space izq · Central · Half-space der · Banda der | Tercios: Iniciación · Creación · Finalización
A19: Plantel — Cobreloa (XI parcial) | D19: Plantel — Coquimbo Unido (XI parcial)
A20: Jugador | B20: Posición | C20: XI/Sup | D20: Jugador | E20: Posición | F20: XI/Sup
A21: Diego Tapia | B21: Portero | C21: XI | D21: Gonzalo Flores | E21: Portero | F21: XI
A22: Rodolfo González (C) | B22: Central | C22: XI | D22: Manuel Fernández (C) | E22: Central | F22: XI
A23: Felipe Saavedra | B23: Lateral izq | C23: XI | D23: Joshua Arancibia | E23: Central | F23: XI
A24: Jorge Gática | B24: Mediocentro | C24: XI | D24: Lukas Soza | E24: Lateral der | F24: XI
A25: Agustín Quezada | B25: — | C25: XI | D25: Sebastián Cabrera | E25: Lateral izq | F25: XI
A26: Matías Sandoval | B26: Extremo der | C26: XI | D26: Salvador Cordero | E26: Pivote | F26: XI
A27: Juan Duma | B27: Extremo izq | C27: XI | D27: Matías Zepeda | E27: Mediocentro | F27: XI
A28: Yastin Navarro | B28: Extremo izq | C28: XI | D28: Guido Vadalá | E28: Mediapunta | F28: XI
A29: Camilo Orellana | B29: Delantero | C29: XI | D29: Dixon Pereira | E29: Extremo der | F29: XI
A30: Francisco Matamoros | B30: Mediapunta | C30: Sup | D30: Gino Alfaro | E30: — | F30: XI
A31: Robinson Porras | B31: — | C31: Sup | D31: Lucas Pratto | E31: Delantero | F31: Sup
... A35: Max Fajardo | B35: — | C35: Sup | D35: Paulo Torres | E35: Mediocentro | F35: Sup
D36: Cristóbal Dorador | E36: Portero | F36: Sup

Sheet Listas
A1: Cobreloa | B1: Org. ofensiva | C1: Inicio / Salida | D1: Iniciación | E1: Z1 | F1: Banda izq | G1: Ganando | H1: Nula | I1: Gol | J1: Diego Tapia | K1: Alta | L1: P1 | M1: Sí | N1: Recuperada ≤5s | P1: Tras recuperación | Q1: Pérdida
A2: Coquimbo Unido | B2: Org. defensiva | C2: Progresión | D2: Creación | E2: Z2 | F2: Half-space izq | G2: Empatando | H2: Media | I2: Ocasión | J2: Rodolfo González (C) | K2: Media | L2: P2 | M2: No | N2: Repliegue | P2: Saque de arco a favor | Q2: Remate
B3: Transición ofensiva | C3: Último pase / Centro | D3: Finalización | E3: Z3 | F3: Central | G3: Perdiendo | H3: Alta | I3: Parada | J3: Felipe Saavedra | K3: Baja | L3: P3 | M3: — | N3: Contra concedida | P3: Saque de arco en contra | Q3: Gol
B4: Transición defensiva | C4: Finalización | E4: Z4 | F4: Half-space der | H4: Orientada | I4: Fuera | J4: Jorge Gática | N4: Falta táctica | Q4: Concede saque
B5: ABP ofensivo | C5: Recuperación | E5: Z5 | F5: Banda der | I5: Bloqueo | J5: Agustín Quezada | N5: — | Q5: Recuperamos
B6: ABP defensivo | C6: Ataque en transición | E6: Z6 | I6: Despeje | J6: Matías Sandoval | Q6: Falta
C7: Presión | E7: Z7 | I7: Robo | J7: Juan Duma
C8: Acción defensiva | E8: Z8 | I8: Falta | J8: Yastin Navarro
C9: Defensa del área | E9: Z9 | I9: Pérdida | J9: Camilo Orellana
C10: Pérdida | E10: Z10 | I10: Éxito | J10: Francisco Matamoros
C11: ABP ofensivo | E11: Z11 | I11: Superada | J11: Robinson Porras
C12: ABP defensivo | E12: Z12 | J12: Sergio Gallardo
C13: Incidencia | E13: Z13 | J13: Alberto Tejerina
E14: Z14 | J14: Hugo Araya
E15: Z15 | J15: Max Fajardo
E16: Z16 | J16: Gonzalo Flores
E17: Z17 | J17: Manuel Fernández (C)
E18: Z18 | J18: Joshua Arancibia
J19: Lukas Soza
J20: Sebastián Cabrera
J21: Salvador Cordero
J22: Matías Zepeda
J23: Guido Vadalá
J24: Dixon Pereira
J25: Gino Alfaro
J26: Lucas Pratto
J27: Facundo Pons
J28: Cristian Zavala
J29: Pablo Rodríguez
J30: Paulo Torres
... J33: Joaquín Méndez

Sheet Registro
A1: ID | B1: Clip (min vídeo) | C1: Min partido | D1: Equipo | E1: Jugador | F1: Fase | G1: Etiqueta | H1: Tercio | I1: Zona | J1: Carril | K1: Marcador | L1: Presión rival | M1: Resultado | N1: Rompe línea | O1: Reacción tras pérdida | P1: Apoyos al perder (≤10m) | Q1: Nota
A2: 1 | C2: 3 | D2: Coquimbo Unido | E2: Guido Vadalá | F2: Org. ofensiva | G2: Finalización | H2: Finalización | I2: Z17 | J2: Central | K2: Empatando | L2: Media | M2: Despeje | N2: — | O2: — | P2: — | Q2: Ocasión clarísima 1T: centro desde la derecha, DESPEJE EN LA LÍNEA de Cobreloa + reacción del arquero Tapia; la repetición confirma que el balón NO entró. (autor del centro sin confirmar en CFDB). Evidencia ALTA (2 videos).
A3: 2 | C3: 44 | D3: Cobreloa | E3: Jorge Gática | F3: Org. ofensiva | G3: Finalización | H3: Finalización | I3: Z5 | J3: Central | K3: Empatando | L3: Media | M3: Parada | N3: — | O3: — | P3: — | Q3: EN CONTRA (ocasión rival) · remate de Gática desde fuera del área; atajada de Gonzalo Flores al horizontal → córner. PATRÓN: Cobreloa remató mucho desde fuera. Evidencia ALTA.
A4: 3 | C4: 45 | D4: Coquimbo Unido | E4: Manuel Fernández (C) | G4: Incidencia | H4: — | I4: — | J4: — | K4: Empatando | L4: — | M4: — | N4: — | O4: — | P4: — | Q4: Amarilla (CFDB). Capitán y central; relevante para la vuelta (apercibido).
A5: 4 | C5: 56 | D5: Coquimbo Unido | E5: Lucas Pratto | G5: Incidencia | H5: — | I5: — | J5: — | K5: Empatando | L5: — | M5: — | N5: — | O5: — | P5: — | Q5: Ingresa Pratto (cambio ofensivo). CFDB: SUB_IN 56'.
A6: 5 | C6: 62 | D6: Cobreloa | E6: Francisco Matamoros | G6: Incidencia | H6: — | I6: — | J6: — | K6: Empatando | L6: — | M6: — | N6: — | O6: — | P6: — | Q6: EN CONTRA contexto · Cobreloa: sale Duma, entra Matamoros (62').
A7: 6 | C7: 64 | D7: Coquimbo Unido | E7: Sebastián Cabrera | F7: Transición ofensiva | G7: Finalización | H7: Finalización | I7: Z16 | J7: Central | K7: Empatando | L7: Media | M7: Gol | N7: — | O7: — | P7: — | Q7: 0-1 · asist. Guido Vadalá; definición de primera al ángulo. Build-up: recuperación de Pereira a la presión → Vadalá → Cabrera. FIGURA del partido (rating CFDB 8.32). Ejemplo vivo de tu tesis: recuperar → atacar. Evidencia ALTA (CFDB+video+prensa).
A8: 7 | C8: 70 | D8: Coquimbo Unido | E8: Lucas Pratto | G8: Incidencia | H8: — | I8: — | J8: — | K8: Ganando | L8: — | M8: — | N8: — | O8: — | P8: — | Q8: Amarilla a Pratto (CFDB, 70').
A9: 8 | C9: 70 | D9: Cobreloa | E9: Camilo Orellana | F9: Org. ofensiva | G9: Finalización | H9: Finalización | I9: Z2 | J9: Central | K9: Ganando | L9: Media | M9: Gol | N9: — | O9: — | P9: — | Q9: EN CONTRA (1-1, 70') · asist. J. Méndez (prensa/TV; Méndez no figura en el XI de CFDB). Orellana (17) ANTICIPA a Manuel Fernández y define de derecha. HALLAZGO DEFENSIVO: central propio superado en el anticipo. Z2 = tercio defensivo propio.
A10: 9 | C10: 72 | D10: Cobreloa | E10: Robinson Porras | G10: Incidencia | H10: — | I10: — | J10: — | K10: Empatando | L10: — | M10: — | N10: — | O10: — | P10: — | Q10: EN CONTRA contexto · Cobreloa dobles cambios 72': entran Porras y Gallardo (salen Sandoval y Quezada).
A11: 10 | C11: 74 | D11: Coquimbo Unido | E11: Facundo Pons | G11: Incidencia | H11: — | I11: — | J11: — | K11: Empatando | L11: — | M11: — | N11: — | O11: — | P11: — | Q11: Coquimbo: entra Pons, sale Gino Alfaro (74').
A12: 11 | C12: 75 | D12: Coquimbo Unido | E12: Cristian Zavala | G12: Incidencia | H12: — | I12: — | J12: — | K12: Empatando | L12: — | M12: — | N12: — | O12: — | P12: — | Q12: Coquimbo: entra Zavala, sale Dixon Pereira (75'). CLAVE: Zavala dará el centro del 2-1.
A13: 12 | C13: 84 | D13: Coquimbo Unido | E13: Ythans Blanco | G13: Incidencia | H13: — | I13: — | J13: — | K13: Empatando | L13: — | M13: — | N13: — | O13: — | P13: — | Q13: Coquimbo: entra Ythans Blanco (juvenil 17, debut profesional), sale Guido Vadalá (84'). CFDB registró la salida de Vadalá pero NO la entrada de Blanco (vacío de dato).
A14: 13 | C14: 87 | D14: Coquimbo Unido | E14: Ythans Blanco | F14: Org. ofensiva | G14: Finalización | H14: Finalización | I14: Z17 | J14: Central | K14: Empatando | L14: Media | M14: Gol | N14: — | O14: — | P14: — | Q14: 1-2 GANADOR (87') · asist. Cristian Zavala (centro), pivoteo previo de Pratto. Blanco anticipa a su marcador y define de primera al segundo palo. EVIDENCIA MEDIA: 2 videos + Cooperativa coinciden en Blanco; 1 fuente (partidos-de-hoy.cl) lo da como autogol de 'B. Gaete'; CFDB NO registró este gol. Criterio: se adopta Blanco por mayor peso de evidencia.
A15: 14 | C15: 90 | D15: Cobreloa | E15: Rodolfo González (C) | G15: Incidencia | H15: — | I15: — | J15: — | K15: Ganando | L15: — | M15: — | N15: — | O15: — | P15: — | Q15: EN CONTRA contexto · Amarilla a R. González, capitán de Cobreloa (90').

Sheet Secuencias
A1: Secuencias de posesión — métricas que responden tus 4 preguntas
A3: Qué codificar aquí | C3: Una fila por SECUENCIA de posesión (no por evento). Rápido: marca inicio, fin, pases y zona.
A4: Inicio según tipo | C4: Tras recuperación = 1.er contacto controlado tras robar · Saque a favor = golpeo del saque de meta propio · Saque en contra = golpeo del saque rival.
A5: Fin según tipo | C5: Posesión propia (recuperación / saque a favor): primera pérdida, remate propio o concesión de saque/falta. Saque en contra: instante en que recuperamos posesión controlada.
A6: Duración (s) | C6: Se calcula sola: t fin − t inicio. Escribe los tiempos como mm:ss (p. ej. 12:30). Para 'saque en contra' la duración ES el tiempo que tardamos en recuperar.
A7: Nº pases | C7: Pases propios completados dentro de la secuencia (sin contar el saque mismo). En 'saque en contra' déjalo vacío.
A8: Zona | C8: Zona dominante (desplegable Z1–Z18) + opcional la ruta de zonas en texto (p. ej. Z4→Z7→Z10).
A10: ID | B10: Tipo de secuencia | C10: t inicio (mm:ss) | D10: t fin (mm:ss) | E10: Duración (s) | F10: Nº pases | G10: Zona dominante | H10: Zonas (ruta, texto) | I10: Resultado | J10: Nota
A11: 1 | B11: Tras recuperación | C11: 12:30 | D11: 12:41 | E11: =IFERROR((VALUE(LEFT(D11,FIND(":",D11)-1))*60+VALUE(MID(D11,FIND(":",D11)+1,9)))-(VALUE(LEFT(C11,FIND(":",C11)-1))*60+VALUE(MID(C11,FIND(":",C11)+1,9))),"") | F11: 3 | G11: Z8 | H11: Z8→Z10→Z13 | I11: Pérdida | J11: EJEMPLO (formato) — reemplázame
A12: 2 | B12: Saque de arco a favor | C12: 33:05 | D12: 33:12 | E12: =IFERROR((VALUE(LEFT(D12,FIND(":",D12)-1))*60+VALUE(MID(D12,FIND(":",D12)+1,9)))-(VALUE(LEFT(C12,FIND(":",C12)-1))*60+VALUE(MID(C12,FIND(":",C12)+1,9))),"") | F12: 2 | G12: Z2 | H12: Z2→Z5→(pérdida) | I12: Pérdida | J12: EJEMPLO (formato)
A13: 3 | B13: Saque de arco en contra | C13: 55:40 | D13: 55:48 | E13: =IFERROR((VALUE(LEFT(D13,FIND(":",D13)-1))*60+VALUE(MID(D13,FIND(":",D13)+1,9)))-(VALUE(LEFT(C13,FIND(":",C13)-1))*60+VALUE(MID(C13,FIND(":",C13)+1,9))),"") | I13: Recuperamos | J13: EJEMPLO — mide el tiempo hasta recuperar
A14: 4 | E14: =IFERROR((VALUE(LEFT(D14,FIND(":",D14)-1))*60+VALUE(MID(D14,FIND(":",D14)+1,9)))-(VALUE(LEFT(C14,FIND(":",C14)-1))*60+VALUE(MID(C14,FIND(":",C14)+1,9))),"")
A15: 5 | E15: =IFERROR((VALUE(LEFT(D15,FIND(":",D15)-1))*60+VALUE(MID(D15,FIND(":",D15)+1,9)))-(VALUE(LEFT(C15,FIND(":",C15)-1))*60+VALUE(MID(C15,FIND(":",C15)+1,9))),"")
A16: 6 | E16: =IFERROR((VALUE(LEFT(D16,FIND(":",D16)-1))*60+VALUE(MID(D16,FIND(":",D16)+1,9)))-(VALUE(LEFT(C16,FIND(":",C16)-1))*60+VALUE(MID(C16,FIND(":",C16)+1,9))),"")
A17: 7 | E17: =IFERROR((VALUE(LEFT(D17,FIND(":",D17)-1))*60+VALUE(MID(D17,FIND(":",D17)+1,9)))-(VALUE(LEFT(C17,FIND(":",C17)-1))*60+VALUE(MID(C17,FIND(":",C17)+1,9))),"")
A18: 8 | E18: =IFERROR((VALUE(LEFT(D18,FIND(":",D18)-1))*60+VALUE(MID(D18,FIND(":",D18)+1,9)))-(VALUE(LEFT(C18,FIND(":",C18)-1))*60+VALUE(MID(C18,FIND(":",C18)+1,9))),"")
A19: 9 | E19: =IFERROR((VALUE(LEFT(D19,FIND(":",D19)-1))*60+VALUE(MID(D19,FIND(":",D19)+1,9)))-(VALUE(LEFT(C19,FIND(":",C19)-1))*60+VALUE(MID(C19,FIND(":",C19)+1,9))),"")
A20: 10 | E20: =IFERROR((VALUE(LEFT(D20,FIND(":",D20)-1))*60+VALUE(MID(D20,FIND(":",D20)+1,9)))-(VALUE(LEFT(C20,FIND(":",C20)-1))*60+VALUE(MID(C20,FIND(":",C20)+1,9))),"")
A21: 11 | E21: =IFERROR((VALUE(LEFT(D21,FIND(":",D21)-1))*60+VALUE(MID(D21,FIND(":",D21)+1,9)))-(VALUE(LEFT(C21,FIND(":",C21)-1))*60+VALUE(MID(C21,FIND(":",C21)+1,9))),"")
A22: 12 | E22: =IFERROR((VALUE(LEFT(D22,FIND(":",D22)-1))*60+VALUE(MID(D22,FIND(":",D22)+1,9)))-(VALUE(LEFT(C22,FIND(":",C22)-1))*60+VALUE(MID(C22,FIND(":",C22)+1,9))),"")
A23: 13 | E23: =IFERROR((VALUE(LEFT(D23,FIND(":",D23)-1))*60+VALUE(MID(D23,FIND(":",D23)+1,9)))-(VALUE(LEFT(C23,FIND(":",C23)-1))*60+VALUE(MID(C23,FIND(":",C23)+1,9))),"")
A24: 14 | E24: =IFERROR((VALUE(LEFT(D24,FIND(":",D24)-1))*60+VALUE(MID(D24,FIND(":",D24)+1,9)))-(VALUE(LEFT(C24,FIND(":",C24)-1))*60+VALUE(MID(C24,FIND(":",C24)+1,9))),"")
A25: 15 | E25: =IFERROR((VALUE(LEFT(D25,FIND(":",D25)-1))*60+VALUE(MID(D25,FIND(":",D25)+1,9)))-(VALUE(LEFT(C25,FIND(":",C25)-1))*60+VALUE(MID(C25,FIND(":",C25)+1,9))),"")
... A70: 60 | E70: =IFERROR((VALUE(LEFT(D70,FIND(":",D70)-1))*60+VALUE(MID(D70,FIND(":",D70)+1,9)))-(VALUE(LEFT(C70,FIND(":",C70)-1))*60+VALUE(MID(C70,FIND(":",C70)+1,9))),"")
A73: Resultados — se calculan solos desde la tabla de arriba
A74: Métrica | B74: Tras recuperación | C74: Saque de arco a favor | D74: Saque de arco en contra
A75: Nº de secuencias | B75: =COUNTIF($B$11:$B$70,"Tras recuperación") | C75: =COUNTIF($B$11:$B$70,"Saque de arco a favor") | D75: =COUNTIF($B$11:$B$70,"Saque de arco en contra")
A76: Duración / tiempo medio (s) | B76: =IFERROR(AVERAGEIF($B$11:$B$70,"Tras recuperación",$E$11:$E$70),"—") | C76: =IFERROR(AVERAGEIF($B$11:$B$70,"Saque de arco a favor",$E$11:$E$70),"—") | D76: =IFERROR(AVERAGEIF($B$11:$B$70,"Saque de arco en contra",$E$11:$E$70),"—")
A77: Nº pases medio | B77: =IFERROR(AVERAGEIF($B$11:$B$70,"Tras recuperación",$F$11:$F$70),"—") | C77: =IFERROR(AVERAGEIF($B$11:$B$70,"Saque de arco a favor",$F$11:$F$70),"—") | D77: —
A78: % termina en remate | B78: =IFERROR(COUNTIFS($B$11:$B$70,"Tras recuperación",$I$11:$I$70,"Remate")/COUNTIF($B$11:$B$70,"Tras recuperación"),"—") | C78: =IFERROR(COUNTIFS($B$11:$B$70,"Saque de arco a favor",$I$11:$I$70,"Remate")/COUNTIF($B$11:$B$70,"Saque de arco a favor"),"—") | D78: —
A80: Lee así: 'Duración media tras recuperación' = cuánto conservamos el balón al robar · 'Duración media saque a favor' = cuánto aguantamos antes de perder desde el saque de meta · 'Saque en contra' = cuánto tardamos en recuperar. Segmenta mentalmente por marcador (no es lo mismo ganando que perdiendo). Zonas: mira la columna 'Zona dominante' para ver dónde se juegan.

Sheet Resumen
A1: Resumen (se calcula solo desde 'Registro')
A3: Total de eventos codificados | B3: =COUNTA(Registro!$G$2:$G$120)
A5: Eventos por etiqueta
A6: Inicio / Salida | B6: =COUNTIF(Registro!$G$2:$G$120,"Inicio / Salida")
A7: Progresión | B7: =COUNTIF(Registro!$G$2:$G$120,"Progresión")
A8: Último pase / Centro | B8: =COUNTIF(Registro!$G$2:$G$120,"Último pase / Centro")
A9: Finalización | B9: =COUNTIF(Registro!$G$2:$G$120,"Finalización")
A10: Recuperación | B10: =COUNTIF(Registro!$G$2:$G$120,"Recuperación")
A11: Ataque en transición | B11: =COUNTIF(Registro!$G$2:$G$120,"Ataque en transición")
A12: Presión | B12: =COUNTIF(Registro!$G$2:$G$120,"Presión")
A13: Acción defensiva | B13: =COUNTIF(Registro!$G$2:$G$120,"Acción defensiva")
A14: Defensa del área | B14: =COUNTIF(Registro!$G$2:$G$120,"Defensa del área")
A15: Pérdida | B15: =COUNTIF(Registro!$G$2:$G$120,"Pérdida")
A16: ABP ofensivo | B16: =COUNTIF(Registro!$G$2:$G$120,"ABP ofensivo")
A17: ABP defensivo | B17: =COUNTIF(Registro!$G$2:$G$120,"ABP defensivo")
A18: Incidencia | B18: =COUNTIF(Registro!$G$2:$G$120,"Incidencia")
A20: Eventos por marcador (del equipo analizado)
A21: Ganando | B21: =COUNTIF(Registro!$K$2:$K$120,"Ganando")
A22: Empatando | B22: =COUNTIF(Registro!$K$2:$K$120,"Empatando")
A23: Perdiendo | B23: =COUNTIF(Registro!$K$2:$K$120,"Perdiendo")
A25: Cruce clave: resultado × marcador
B26: Ganando | C26: Empatando | D26: Perdiendo
A27: Gol | B27: =COUNTIFS(Registro!$M$2:$M$120,"Gol",Registro!$K$2:$K$120,"Ganando") | C27: =COUNTIFS(Registro!$M$2:$M$120,"Gol",Registro!$K$2:$K$120,"Empatando") | D27: =COUNTIFS(Registro!$M$2:$M$120,"Gol",Registro!$K$2:$K$120,"Perdiendo")
A28: Ocasión | B28: =COUNTIFS(Registro!$M$2:$M$120,"Ocasión",Registro!$K$2:$K$120,"Ganando") | C28: =COUNTIFS(Registro!$M$2:$M$120,"Ocasión",Registro!$K$2:$K$120,"Empatando") | D28: =COUNTIFS(Registro!$M$2:$M$120,"Ocasión",Registro!$K$2:$K$120,"Perdiendo")
A29: Parada | B29: =COUNTIFS(Registro!$M$2:$M$120,"Parada",Registro!$K$2:$K$120,"Ganando") | C29: =COUNTIFS(Registro!$M$2:$M$120,"Parada",Registro!$K$2:$K$120,"Empatando") | D29: =COUNTIFS(Registro!$M$2:$M$120,"Parada",Registro!$K$2:$K$120,"Perdiendo")
A30: Pérdida | B30: =COUNTIFS(Registro!$M$2:$M$120,"Pérdida",Registro!$K$2:$K$120,"Ganando") | C30: =COUNTIFS(Registro!$M$2:$M$120,"Pérdida",Registro!$K$2:$K$120,"Empatando") | D30: =COUNTIFS(Registro!$M$2:$M$120,"Pérdida",Registro!$K$2:$K$120,"Perdiendo")
A32: Tu tesis, medida: reacción tras pérdida
A33: Recuperada ≤5s | B33: =COUNTIF(Registro!$O$2:$O$120,"Recuperada ≤5s")
A34: Repliegue | B34: =COUNTIF(Registro!$O$2:$O$120,"Repliegue")
A35: Contra concedida | B35: =COUNTIF(Registro!$O$2:$O$120,"Contra concedida")
A36: Falta táctica | B36: =COUNTIF(Registro!$O$2:$O$120,"Falta táctica")
A37: Tasa de recuperación ≤5s | B37: =IFERROR(COUNTIF(Registro!$O$2:$O$120,"Recuperada ≤5s")/COUNTIF(Registro!$G$2:$G$120,"Pérdida"),"—")
A39: Esa tasa es tu variable de salida (binaria) para el Point-Biserial; el predictor continuo es la columna 'Apoyos al perder' del Registro. Y el cruce de arriba recuerda que una misma etiqueta cambia de significado según el marcador: nunca concluyas sin mirar en qué estado ocurrió.

Sheet Problemas
A1: Problema detectado | B1: Evidencia (min / clips) | C1: Frecuencia | D1: Impacto | E1: Entrenabilidad | F1: Prioridad | G1: Principio afectado | H1: Tarea propuesta | I1: Cómo mido la mejora
A2: Concesión de gol tras perder la espalda del lateral | B2: 71' (Chandía) · revisar jugada | C2: 1 | D2: Alta | E2: Alta | F2: P1 | G2: Transición def. / control de la espalda | H2: Tareas de línea y vigilancia; cobertura del lateral | I2: Nº de desmarques de ruptura concedidos en próximos 3 partidos
A3: Fragilidad en balón parado / segunda jugada | B3: 82' (autogol a insistencia de Vadalá) | C3: 1 | D3: Alta | E3: Media | F3: P1 | G3: ABP defensivo / segunda jugada | H3: Defensa de córner: 1.er contacto + rechace | I3: 0 goles de ABP/segunda jugada concedidos (3 partidos)
A4: CFDB: XI incompletos para este partido (Cobreloa 9/11, Coquimbo 10/11). Faltan, p. ej., J. Méndez (Cobreloa) e Y. Blanco (Coquimbo); añadidos al roster desde video/prensa.
A5: CFDB: el 3.er gol (1-2, 87') NO está en el timeline de eventos y falta el SUB_IN de Y. Blanco. Reconstruido desde 2 videos + Cooperativa.
A6: Autor del 1-2 en conflicto: Y. Blanco (2 videos + Cooperativa) vs autogol 'B. Gaete' (partidos-de-hoy.cl). Adoptado Blanco; evidencia MEDIA.
A7: Minutos de TV son aproximados; los minutos de esta plantilla siguen a CFDB (64'/70') y prensa (87').
A10: Prioridad = Impacto × Frecuencia × Entrenabilidad. Empieza por 1 solo problema P1 y llévalo hasta la tarea y su medición. Ese es el ciclo completo.
